S1	E1	S2	E2	Reference	Contig	IDY	Ambiguous	Best_group
1	77	722	798	Thioclava_annotated_DMKJLJHC_02499	TARA_ANW_k99_66418	100.0		True
CONTIG	TARA_ANW_k99_66418	1229	correct_unaligned
1	77	2542	2466	Thioclava_annotated_DMKJLJHC_02499	TARA_ANW_k99_74768	97.4		True
CONTIG	TARA_ANW_k99_74768	2545	correct_unaligned
1	77	3504	3428	Thioclava_annotated_DMKJLJHC_02499	TARA_ANW_k99_235873	97.4		True
CONTIG	TARA_ANW_k99_235873	3553	correct_unaligned
1	77	131	55	Thioclava_annotated_DMKJLJHC_02499	TARA_ANW_k99_487272	100.0		True
CONTIG	TARA_ANW_k99_487272	4541	correct_unaligned
1	72	1812	1741	Thioclava_annotated_DMKJLJHC_02499	TARA_ANW_k99_504429	100.0		True
CONTIG	TARA_ANW_k99_504429	2081	correct_unaligned
2	77	1	76	Thioclava_annotated_DMKJLJHC_02499	TARA_ANW_k99_514365	100.0		True
CONTIG	TARA_ANW_k99_514365	5256	correct_unaligned
1	77	162	86	Thioclava_annotated_DMKJLJHC_02499	TARA_ANW_k99_620841	100.0		True
CONTIG	TARA_ANW_k99_620841	28200	correct_unaligned
1	77	22	98	Thioclava_annotated_DMKJLJHC_02499	TARA_ANW_k99_669116	100.0		True
CONTIG	TARA_ANW_k99_669116	2223	correct_unaligned
1	77	12204	12280	Thioclava_annotated_DMKJLJHC_02499	TARA_ANW_k99_786811	97.4		True
CONTIG	TARA_ANW_k99_786811	12505	correct_unaligned
1	77	466	390	Thioclava_annotated_DMKJLJHC_02499	TARA_ANW_k99_791556	97.4		True
CONTIG	TARA_ANW_k99_791556	1798	correct_unaligned
1	77	7	83	Thioclava_annotated_DMKJLJHC_02499	TARA_ANW_k99_902146	100.0		True
CONTIG	TARA_ANW_k99_902146	2865	correct_unaligned
1	77	4090	4166	Thioclava_annotated_DMKJLJHC_02499	TARA_ANW_k99_926714	97.4		True
CONTIG	TARA_ANW_k99_926714	23771	correct_unaligned
1	77	2773	2849	Thioclava_annotated_DMKJLJHC_02499	TARA_ANW_k99_934344	97.4		True
CONTIG	TARA_ANW_k99_934344	4868	correct_unaligned
1	77	2861	2785	Thioclava_annotated_DMKJLJHC_02499	TARA_ANW_k99_1027706	100.0		True
CONTIG	TARA_ANW_k99_1027706	2960	correct_unaligned
1	77	81	5	Thioclava_annotated_DMKJLJHC_02499	TARA_ANW_k99_1200595	97.4		True
CONTIG	TARA_ANW_k99_1200595	1638	correct_unaligned
1	77	1782	1706	Thioclava_annotated_DMKJLJHC_02499	TARA_ANW_k99_1353757	97.4		True
CONTIG	TARA_ANW_k99_1353757	1803	correct_unaligned
1	77	3351	3427	Thioclava_annotated_DMKJLJHC_02499	TARA_ANW_k99_1445624	97.4		True
CONTIG	TARA_ANW_k99_1445624	3428	correct_unaligned
1	77	245	169	Thioclava_annotated_DMKJLJHC_02499	TARA_ANW_k99_1649533	100.0		True
CONTIG	TARA_ANW_k99_1649533	1241	correct_unaligned
1	77	1958	2034	Thioclava_annotated_DMKJLJHC_02499	TARA_ANW_k99_1653731	100.0		True
CONTIG	TARA_ANW_k99_1653731	2327	correct_unaligned
1	77	1410	1486	Thioclava_annotated_DMKJLJHC_02499	TARA_ANW_k99_2003024	97.4		True
CONTIG	TARA_ANW_k99_2003024	3285	correct_unaligned
1	77	1323	1247	Thioclava_annotated_DMKJLJHC_02499	TARA_ANW_k99_2084852	100.0		True
CONTIG	TARA_ANW_k99_2084852	3103	correct_unaligned
1	77	3242	3166	Thioclava_annotated_DMKJLJHC_02499	TARA_ANW_k99_2118681	100.0		True
CONTIG	TARA_ANW_k99_2118681	3291	correct_unaligned
1	77	86	10	Thioclava_annotated_DMKJLJHC_02499	TARA_ANW_k99_2171791	100.0		True
CONTIG	TARA_ANW_k99_2171791	1448	correct_unaligned
1	77	5554	5478	Thioclava_annotated_DMKJLJHC_02499	TARA_ANW_k99_2252887	97.4		True
CONTIG	TARA_ANW_k99_2252887	13122	correct_unaligned
1	77	102	26	Thioclava_annotated_DMKJLJHC_02499	TARA_ANW_k99_2377547	100.0		True
CONTIG	TARA_ANW_k99_2377547	1519	correct_unaligned
1	77	373	449	Thioclava_annotated_DMKJLJHC_02499	TARA_ANW_k99_2510011	97.4		True
CONTIG	TARA_ANW_k99_2510011	1331	correct_unaligned
1	77	597	673	Thioclava_annotated_DMKJLJHC_02499	TARA_ANW_k99_2511862	97.4		True
CONTIG	TARA_ANW_k99_2511862	1362	correct_unaligned
1	77	1569	1493	Thioclava_annotated_DMKJLJHC_02499	TARA_ANW_k99_2587077	97.4		True
CONTIG	TARA_ANW_k99_2587077	1570	correct_unaligned
1	77	14548	14624	Thioclava_annotated_DMKJLJHC_02499	TARA_ANW_k99_2644010	100.0		True
CONTIG	TARA_ANW_k99_2644010	21960	correct_unaligned
1	77	1753	1677	Thioclava_annotated_DMKJLJHC_02499	TARA_ANW_k99_2648267	98.7		True
CONTIG	TARA_ANW_k99_2648267	1754	correct_unaligned
1	77	591	667	Thioclava_annotated_DMKJLJHC_02499	TARA_ANW_k99_2723979	100.0		True
CONTIG	TARA_ANW_k99_2723979	2367	correct_unaligned
1	77	94	18	Thioclava_annotated_DMKJLJHC_02499	TARA_ANW_k99_2783556	97.4		True
CONTIG	TARA_ANW_k99_2783556	2362	correct_unaligned
1	77	906	982	Thioclava_annotated_DMKJLJHC_02499	TARA_ANW_k99_2868532	100.0		True
CONTIG	TARA_ANW_k99_2868532	1016	correct_unaligned
1	77	70	146	Thioclava_annotated_DMKJLJHC_02499	TARA_ANW_k99_2997813	97.4		True
CONTIG	TARA_ANW_k99_2997813	5019	correct_unaligned
1	77	294	218	Thioclava_annotated_DMKJLJHC_02499	TARA_ANW_k99_3125404	97.4		True
CONTIG	TARA_ANW_k99_3125404	2632	correct_unaligned
1	77	2444	2520	Thioclava_annotated_DMKJLJHC_02499	TARA_ANW_k99_3299786	97.4		True
CONTIG	TARA_ANW_k99_3299786	2521	correct_unaligned
1	77	428	352	Thioclava_annotated_DMKJLJHC_02499	TARA_ANW_k99_3351727	100.0		True
CONTIG	TARA_ANW_k99_3351727	2450	correct_unaligned
1	77	68	144	Thioclava_annotated_DMKJLJHC_02499	TARA_ANW_k99_3406469	97.4		True
CONTIG	TARA_ANW_k99_3406469	6471	correct_unaligned
1	77	20269	20193	Thioclava_annotated_DMKJLJHC_02499	TARA_ANW_k99_3512637	98.7		True
CONTIG	TARA_ANW_k99_3512637	21156	correct_unaligned
1	77	1257	1333	Thioclava_annotated_DMKJLJHC_02499	TARA_ANW_k99_3513989	97.4		True
CONTIG	TARA_ANW_k99_3513989	1337	correct_unaligned
1	77	551	627	Thioclava_annotated_DMKJLJHC_02499	TARA_ANW_k99_3581825	100.0		True
CONTIG	TARA_ANW_k99_3581825	1029	correct_unaligned
1	77	2397	2321	Thioclava_annotated_DMKJLJHC_02499	TARA_ANW_k99_3605032	97.4		True
CONTIG	TARA_ANW_k99_3605032	2417	correct_unaligned
1	77	473	397	Thioclava_annotated_DMKJLJHC_02499	TARA_ANW_k99_3646062	100.0		True
CONTIG	TARA_ANW_k99_3646062	2076	correct_unaligned
1	77	2194	2118	Thioclava_annotated_DMKJLJHC_02499	TARA_ANW_k99_3743436	100.0		True
CONTIG	TARA_ANW_k99_3743436	2235	correct_unaligned
1	77	342	266	Thioclava_annotated_DMKJLJHC_02499	TARA_ANW_k99_3871280	100.0		True
CONTIG	TARA_ANW_k99_3871280	1599	correct_unaligned
1	77	966	1042	Thioclava_annotated_DMKJLJHC_02499	TARA_ANW_k99_3945802	97.4		True
CONTIG	TARA_ANW_k99_3945802	36287	correct_unaligned
1	77	1079	1003	Thioclava_annotated_DMKJLJHC_02499	TARA_ANW_k99_4045446	100.0		True
CONTIG	TARA_ANW_k99_4045446	1079	correct_unaligned
1	77	136	212	Thioclava_annotated_DMKJLJHC_02499	TARA_ANW_k99_4054680	97.4		True
CONTIG	TARA_ANW_k99_4054680	2522	correct_unaligned
1	77	1108	1184	Thioclava_annotated_DMKJLJHC_02499	TARA_ANW_k99_4068816	97.4		True
CONTIG	TARA_ANW_k99_4068816	1224	correct_unaligned
1	77	934	1010	Thioclava_annotated_DMKJLJHC_02499	TARA_ANW_k99_4084206	100.0		True
CONTIG	TARA_ANW_k99_4084206	2054	correct_unaligned
1	77	947	871	Thioclava_annotated_DMKJLJHC_02499	TARA_ANW_k99_4110610	97.4		True
CONTIG	TARA_ANW_k99_4110610	1025	correct_unaligned
1	77	821	745	Thioclava_annotated_DMKJLJHC_02499	TARA_ANW_k99_4116124	100.0		True
CONTIG	TARA_ANW_k99_4116124	1741	correct_unaligned
1	77	1827	1751	Thioclava_annotated_DMKJLJHC_02499	TARA_ANW_k99_4161081	97.4		True
CONTIG	TARA_ANW_k99_4161081	1911	correct_unaligned
1	77	4	80	Thioclava_annotated_DMKJLJHC_02499	TARA_ANW_k99_4217331	97.4		True
CONTIG	TARA_ANW_k99_4217331	3797	correct_unaligned
1	77	4334	4258	Thioclava_annotated_DMKJLJHC_02499	TARA_ANW_k99_4283606	97.4		True
CONTIG	TARA_ANW_k99_4283606	12067	correct_unaligned
1	77	506	430	Thioclava_annotated_DMKJLJHC_02499	TARA_ANW_k99_4332786	100.0		True
CONTIG	TARA_ANW_k99_4332786	4993	correct_unaligned
1	77	1856	1780	Thioclava_annotated_DMKJLJHC_02499	TARA_ANW_k99_4388923	100.0		True
CONTIG	TARA_ANW_k99_4388923	4681	correct_unaligned
1	77	1153	1229	Thioclava_annotated_DMKJLJHC_02499	TARA_ANW_k99_4409930	97.4		True
CONTIG	TARA_ANW_k99_4409930	2416	correct_unaligned
1	77	37	113	Thioclava_annotated_DMKJLJHC_02499	TARA_ANW_k99_4447501	97.4		True
CONTIG	TARA_ANW_k99_4447501	1634	correct_unaligned
1	77	3309	3385	Thioclava_annotated_DMKJLJHC_02499	TARA_ANW_k99_4511409	97.4		True
CONTIG	TARA_ANW_k99_4511409	3827	correct_unaligned
1	77	19	95	Thioclava_annotated_DMKJLJHC_02499	TARA_ANW_k99_4516279	97.4		True
CONTIG	TARA_ANW_k99_4516279	4640	correct_unaligned
1	77	649	725	Thioclava_annotated_DMKJLJHC_02499	TARA_ANW_k99_4567610	100.0		True
CONTIG	TARA_ANW_k99_4567610	2801	correct_unaligned
1	77	8704	8628	Thioclava_annotated_DMKJLJHC_02499	TARA_ANW_k99_4622690	97.4		True
CONTIG	TARA_ANW_k99_4622690	9026	correct_unaligned
1	77	1196	1120	Thioclava_annotated_DMKJLJHC_02499	TARA_ANW_k99_4675539	100.0		True
CONTIG	TARA_ANW_k99_4675539	1198	correct_unaligned
1	77	1131	1207	Thioclava_annotated_DMKJLJHC_02499	TARA_ANW_k99_4704908	100.0		True
CONTIG	TARA_ANW_k99_4704908	1222	correct_unaligned
1	77	1526	1602	Thioclava_annotated_DMKJLJHC_02499	TARA_ANW_k99_4720221	97.4		True
CONTIG	TARA_ANW_k99_4720221	1623	correct_unaligned
1	77	4512	4436	Thioclava_annotated_DMKJLJHC_02499	TARA_ANW_k99_4791648	97.4		True
CONTIG	TARA_ANW_k99_4791648	4512	correct_unaligned
1	77	2378	2302	Thioclava_annotated_DMKJLJHC_02499	TARA_ANW_k99_4799317	100.0		True
CONTIG	TARA_ANW_k99_4799317	2421	correct_unaligned
1	77	815	891	Thioclava_annotated_DMKJLJHC_02499	TARA_ANW_k99_4842627	97.4		True
CONTIG	TARA_ANW_k99_4842627	1138	correct_unaligned
1	77	1164	1240	Thioclava_annotated_DMKJLJHC_02499	TARA_ANW_k99_4923760	97.4		True
CONTIG	TARA_ANW_k99_4923760	1242	correct_unaligned
1	77	458	382	Thioclava_annotated_DMKJLJHC_02499	TARA_ANW_k99_4950484	97.4		True
CONTIG	TARA_ANW_k99_4950484	1617	correct_unaligned
1	77	77	153	Thioclava_annotated_DMKJLJHC_02499	TARA_ANW_k99_4966469	97.4		True
CONTIG	TARA_ANW_k99_4966469	1265	correct_unaligned
1	77	1244	1168	Thioclava_annotated_DMKJLJHC_02499	TARA_ANW_k99_5042251	97.4		True
CONTIG	TARA_ANW_k99_5042251	1251	correct_unaligned
1	77	1036	1112	Thioclava_annotated_DMKJLJHC_02499	TARA_ANW_k99_5086279	97.4		True
CONTIG	TARA_ANW_k99_5086279	2694	correct_unaligned
1	77	978	1054	Thioclava_annotated_DMKJLJHC_02499	TARA_ANW_k99_5096528	100.0		True
CONTIG	TARA_ANW_k99_5096528	1054	correct_unaligned
1	77	3869	3945	Thioclava_annotated_DMKJLJHC_02499	TARA_ANW_k99_5116841	97.4		True
CONTIG	TARA_ANW_k99_5116841	3945	correct_unaligned
1	77	2868	2792	Thioclava_annotated_DMKJLJHC_02499	TARA_ANW_k99_5130920	97.4		True
CONTIG	TARA_ANW_k99_5130920	2871	correct_unaligned
1	77	2958	3034	Thioclava_annotated_DMKJLJHC_02499	TARA_ANW_k99_5140949	97.4		True
CONTIG	TARA_ANW_k99_5140949	3034	correct_unaligned
1	75	75	1	Thioclava_annotated_DMKJLJHC_02499	TARA_ANW_k99_5205378	100.0		True
CONTIG	TARA_ANW_k99_5205378	4698	correct_unaligned
1	77	2864	2940	Thioclava_annotated_DMKJLJHC_02499	TARA_ANW_k99_5217726	97.4		True
CONTIG	TARA_ANW_k99_5217726	2940	correct_unaligned
1	77	72	148	Thioclava_annotated_DMKJLJHC_02499	TARA_ANW_k99_5409987	97.4		True
CONTIG	TARA_ANW_k99_5409987	2001	correct_unaligned
1	77	23	99	Thioclava_annotated_DMKJLJHC_02499	TARA_ANW_k99_5438389	100.0		True
CONTIG	TARA_ANW_k99_5438389	3855	correct_unaligned
1	77	946	870	Thioclava_annotated_DMKJLJHC_02499	TARA_ANW_k99_5538774	100.0		True
CONTIG	TARA_ANW_k99_5538774	1000	correct_unaligned
1	77	2894	2818	Thioclava_annotated_DMKJLJHC_02499	TARA_ANW_k99_5581911	97.4		True
CONTIG	TARA_ANW_k99_5581911	10158	correct_unaligned
1	77	2893	2969	Thioclava_annotated_DMKJLJHC_02499	TARA_ANW_k99_5630108	100.0		True
CONTIG	TARA_ANW_k99_5630108	3520	correct_unaligned
1	77	82	6	Thioclava_annotated_DMKJLJHC_02499	TARA_ANW_k99_5658459	97.4		True
CONTIG	TARA_ANW_k99_5658459	2873	correct_unaligned
1	77	965	889	Thioclava_annotated_DMKJLJHC_02499	TARA_ANW_k99_5809847	97.4		True
CONTIG	TARA_ANW_k99_5809847	1025	correct_unaligned
2	73	2006	1935	Thioclava_annotated_DMKJLJHC_02499	TARA_ANW_k99_5836364	98.61		True
CONTIG	TARA_ANW_k99_5836364	2207	correct_unaligned
1	77	750	674	Thioclava_annotated_DMKJLJHC_02499	TARA_ANW_k99_5838138	97.4		True
CONTIG	TARA_ANW_k99_5838138	1150	correct_unaligned
1	77	3425	3349	Thioclava_annotated_DMKJLJHC_02499	TARA_ANW_k99_5853496	97.4		True
CONTIG	TARA_ANW_k99_5853496	3430	correct_unaligned
1	77	820	896	Thioclava_annotated_DMKJLJHC_02499	TARA_ANW_k99_5959304	97.4		True
CONTIG	TARA_ANW_k99_5959304	1617	correct_unaligned
1	77	1973	2049	Thioclava_annotated_DMKJLJHC_02499	TARA_ANW_k99_5972069	97.4		True
CONTIG	TARA_ANW_k99_5972069	2054	correct_unaligned
1	77	1	77	Thioclava_annotated_DMKJLJHC_02499	TARA_ANW_k99_6023044	97.4		True
CONTIG	TARA_ANW_k99_6023044	2155	correct_unaligned
1	77	14190	14266	Thioclava_annotated_DMKJLJHC_02499	TARA_ANW_k99_6099661	100.0		True
CONTIG	TARA_ANW_k99_6099661	14751	correct_unaligned
7	77	1831	1761	Thioclava_annotated_DMKJLJHC_02499	TARA_ANW_k99_6160317	100.0		True
CONTIG	TARA_ANW_k99_6160317	1831	correct_unaligned
1	77	9	85	Thioclava_annotated_DMKJLJHC_02499	TARA_ANW_k99_6208192	97.4		True
CONTIG	TARA_ANW_k99_6208192	2861	correct_unaligned
8	77	1876	1807	Thioclava_annotated_DMKJLJHC_02499	TARA_ANW_k99_6259148	100.0		True
CONTIG	TARA_ANW_k99_6259148	1876	correct_unaligned
1	77	535	611	Thioclava_annotated_DMKJLJHC_02499	TARA_ANW_k99_6259370	97.4		True
CONTIG	TARA_ANW_k99_6259370	38171	correct_unaligned
1	77	1451	1375	Thioclava_annotated_DMKJLJHC_02499	TARA_ANW_k99_6391410	97.4		True
CONTIG	TARA_ANW_k99_6391410	1471	correct_unaligned
1	77	3185	3261	Thioclava_annotated_DMKJLJHC_02499	TARA_ANW_k99_6447701	97.4		True
CONTIG	TARA_ANW_k99_6447701	5522	correct_unaligned
1	77	1	77	Thioclava_annotated_DMKJLJHC_02499	TARA_ANW_k99_6519967	100.0		True
CONTIG	TARA_ANW_k99_6519967	2367	correct_unaligned
1	77	1	77	Thioclava_annotated_DMKJLJHC_02499	TARA_ANW_k99_6539970	100.0		True
CONTIG	TARA_ANW_k99_6539970	4400	correct_unaligned
1	77	1	77	Thioclava_annotated_DMKJLJHC_02499	TARA_ANW_k99_6550840	100.0		True
CONTIG	TARA_ANW_k99_6550840	2076	correct_unaligned
1	77	992	1068	Thioclava_annotated_DMKJLJHC_02499	TARA_ANW_k99_6682673	97.4		True
CONTIG	TARA_ANW_k99_6682673	2066	correct_unaligned
1	77	1164	1240	Thioclava_annotated_DMKJLJHC_02499	TARA_ANW_k99_6901166	97.4		True
CONTIG	TARA_ANW_k99_6901166	1292	correct_unaligned
1	77	3597	3673	Thioclava_annotated_DMKJLJHC_02499	TARA_ANW_k99_6955647	100.0		True
CONTIG	TARA_ANW_k99_6955647	6580	correct_unaligned
1	77	80	156	Thioclava_annotated_DMKJLJHC_02499	TARA_ANW_k99_6981401	97.4		True
CONTIG	TARA_ANW_k99_6981401	1587	correct_unaligned
1	77	18	94	Thioclava_annotated_DMKJLJHC_02499	TARA_ANW_k99_6981509	97.4		True
CONTIG	TARA_ANW_k99_6981509	6476	correct_unaligned
1	77	5478	5402	Thioclava_annotated_DMKJLJHC_02499	TARA_ANW_k99_7117372	97.4		True
CONTIG	TARA_ANW_k99_7117372	5499	correct_unaligned
1	77	1419	1343	Thioclava_annotated_DMKJLJHC_02499	TARA_ANW_k99_7133919	97.4		True
CONTIG	TARA_ANW_k99_7133919	5814	correct_unaligned
1	68	68	1	Thioclava_annotated_DMKJLJHC_02499	TARA_ANW_k99_7140941	100.0		True
CONTIG	TARA_ANW_k99_7140941	1338	correct_unaligned
1	77	81	5	Thioclava_annotated_DMKJLJHC_02499	TARA_ANW_k99_7259084	97.4		True
CONTIG	TARA_ANW_k99_7259084	14310	correct_unaligned
1	77	1	77	Thioclava_annotated_DMKJLJHC_02499	TARA_ANW_k99_7273587	97.4		True
CONTIG	TARA_ANW_k99_7273587	1337	correct_unaligned
1	77	992	1068	Thioclava_annotated_DMKJLJHC_02499	TARA_ANW_k99_7309833	97.4		True
CONTIG	TARA_ANW_k99_7309833	1071	correct_unaligned
1	77	82	6	Thioclava_annotated_DMKJLJHC_02499	TARA_ANW_k99_7699916	97.4		True
CONTIG	TARA_ANW_k99_7699916	1268	correct_unaligned
1	77	466	390	Thioclava_annotated_DMKJLJHC_02499	TARA_ANW_k99_7772535	97.4		True
CONTIG	TARA_ANW_k99_7772535	1287	correct_unaligned
1	77	1342	1266	Thioclava_annotated_DMKJLJHC_02499	TARA_ANW_k99_7830023	97.4		True
CONTIG	TARA_ANW_k99_7830023	1346	correct_unaligned
1	77	6	82	Thioclava_annotated_DMKJLJHC_02499	TARA_ANW_k99_7877216	97.4		True
CONTIG	TARA_ANW_k99_7877216	1060	correct_unaligned
1	77	675	751	Thioclava_annotated_DMKJLJHC_02499	TARA_ANW_k99_7932064	100.0		True
CONTIG	TARA_ANW_k99_7932064	1429	correct_unaligned
3	77	1	75	Thioclava_annotated_DMKJLJHC_02499	TARA_ANW_k99_7998715	100.0		True
CONTIG	TARA_ANW_k99_7998715	1110	correct_unaligned
1	77	19	95	Thioclava_annotated_DMKJLJHC_02499	TARA_ANW_k99_8009408	100.0		True
CONTIG	TARA_ANW_k99_8009408	1140	correct_unaligned
1	77	632	556	Thioclava_annotated_DMKJLJHC_02499	TARA_ANW_k99_8026368	97.4		True
CONTIG	TARA_ANW_k99_8026368	1741	correct_unaligned
1	77	2842	2918	Thioclava_annotated_DMKJLJHC_02499	TARA_ANW_k99_8034172	97.4		True
CONTIG	TARA_ANW_k99_8034172	3577	correct_unaligned
1	77	3931	3855	Thioclava_annotated_DMKJLJHC_02499	TARA_ANW_k99_8064295	97.4		True
CONTIG	TARA_ANW_k99_8064295	3931	correct_unaligned
1	77	3906	3830	Thioclava_annotated_DMKJLJHC_02499	TARA_ANW_k99_8077126	100.0		True
CONTIG	TARA_ANW_k99_8077126	4228	correct_unaligned
1	77	4629	4705	Thioclava_annotated_DMKJLJHC_02499	TARA_ANW_k99_8186707	97.4		True
CONTIG	TARA_ANW_k99_8186707	43224	correct_unaligned
1	77	680	756	Thioclava_annotated_DMKJLJHC_02499	TARA_ANW_k99_8241566	100.0		True
CONTIG	TARA_ANW_k99_8241566	1095	correct_unaligned
1	77	147	71	Thioclava_annotated_DMKJLJHC_02499	TARA_ANW_k99_8261902	97.4		True
CONTIG	TARA_ANW_k99_8261902	1537	correct_unaligned
1	77	149	73	Thioclava_annotated_DMKJLJHC_02499	TARA_ANW_k99_8267278	100.0		True
CONTIG	TARA_ANW_k99_8267278	1304	correct_unaligned
1	77	513	589	Thioclava_annotated_DMKJLJHC_02499	TARA_ANW_k99_8292619	97.4		True
CONTIG	TARA_ANW_k99_8292619	1254	correct_unaligned
1	77	29691	29615	Thioclava_annotated_DMKJLJHC_02499	TARA_ANW_k99_8292836	97.4		True
CONTIG	TARA_ANW_k99_8292836	55581	correct_unaligned
1	77	1968	2044	Thioclava_annotated_DMKJLJHC_02499	TARA_ANW_k99_8326112	97.4		True
CONTIG	TARA_ANW_k99_8326112	2045	correct_unaligned
1	77	90	14	Thioclava_annotated_DMKJLJHC_02499	TARA_ANW_k99_8363984	97.4		True
CONTIG	TARA_ANW_k99_8363984	5924	correct_unaligned
1	73	1120	1192	Thioclava_annotated_DMKJLJHC_02499	TARA_ANW_k99_8390295	100.0		True
CONTIG	TARA_ANW_k99_8390295	1192	correct_unaligned
1	77	1732	1656	Thioclava_annotated_DMKJLJHC_02499	TARA_ANW_k99_8404675	100.0		True
CONTIG	TARA_ANW_k99_8404675	1826	correct_unaligned
1	77	1380	1304	Thioclava_annotated_DMKJLJHC_02499	TARA_ANW_k99_8531397	100.0		True
CONTIG	TARA_ANW_k99_8531397	1459	correct_unaligned
1	77	853	777	Thioclava_annotated_DMKJLJHC_02499	TARA_ANW_k99_8571653	100.0		True
CONTIG	TARA_ANW_k99_8571653	1357	correct_unaligned
1	77	1136	1212	Thioclava_annotated_DMKJLJHC_02499	TARA_ANW_k99_8650344	100.0		True
CONTIG	TARA_ANW_k99_8650344	1213	correct_unaligned
1	77	1148	1224	Thioclava_annotated_DMKJLJHC_02499	TARA_ANW_k99_8737381	97.4		True
CONTIG	TARA_ANW_k99_8737381	1224	correct_unaligned
1	77	273	197	Thioclava_annotated_DMKJLJHC_02499	TARA_ANW_k99_8753031	97.4		True
CONTIG	TARA_ANW_k99_8753031	2145	correct_unaligned
1	77	1622	1546	Thioclava_annotated_DMKJLJHC_02499	TARA_ANW_k99_8764539	100.0		True
CONTIG	TARA_ANW_k99_8764539	1633	correct_unaligned
1	77	2259	2183	Thioclava_annotated_DMKJLJHC_02499	TARA_ANW_k99_8781556	97.4		True
CONTIG	TARA_ANW_k99_8781556	5475	correct_unaligned
1	77	7	83	Thioclava_annotated_DMKJLJHC_02499	TARA_ANW_k99_8850276	97.4		True
CONTIG	TARA_ANW_k99_8850276	6225	correct_unaligned
1	77	1404	1480	Thioclava_annotated_DMKJLJHC_02499	TARA_ANW_k99_8893369	97.4		True
CONTIG	TARA_ANW_k99_8893369	1487	correct_unaligned
1	77	205	281	Thioclava_annotated_DMKJLJHC_02499	TARA_ANW_k99_8953392	97.4		True
CONTIG	TARA_ANW_k99_8953392	2189	correct_unaligned
1	77	1595	1671	Thioclava_annotated_DMKJLJHC_02499	TARA_ANW_k99_8974538	97.4		True
CONTIG	TARA_ANW_k99_8974538	2385	correct_unaligned
3	77	1819	1745	Thioclava_annotated_DMKJLJHC_02499	TARA_ANW_k99_8992183	98.67		True
CONTIG	TARA_ANW_k99_8992183	1819	correct_unaligned
1	77	783	707	Thioclava_annotated_DMKJLJHC_02499	TARA_ANW_k99_9018520	97.4		True
CONTIG	TARA_ANW_k99_9018520	1393	correct_unaligned
1	77	637	561	Thioclava_annotated_DMKJLJHC_02499	TARA_ANW_k99_9025090	97.4		True
CONTIG	TARA_ANW_k99_9025090	1086	correct_unaligned
1	77	246	170	Thioclava_annotated_DMKJLJHC_02499	TARA_ANW_k99_9055570	97.4		True
CONTIG	TARA_ANW_k99_9055570	1624	correct_unaligned
1	77	1599	1675	Thioclava_annotated_DMKJLJHC_02499	TARA_ANW_k99_9068665	97.4		True
CONTIG	TARA_ANW_k99_9068665	1888	correct_unaligned
1	77	1026	950	Thioclava_annotated_DMKJLJHC_02499	TARA_ANW_k99_9185655	100.0		True
CONTIG	TARA_ANW_k99_9185655	1088	correct_unaligned
1	77	1228	1152	Thioclava_annotated_DMKJLJHC_02499	TARA_ANW_k99_9242354	98.7		True
CONTIG	TARA_ANW_k99_9242354	1230	correct_unaligned
1	77	633	557	Thioclava_annotated_DMKJLJHC_02499	TARA_ANW_k99_9330107	97.4		True
CONTIG	TARA_ANW_k99_9330107	2116	correct_unaligned
1	77	1733	1809	Thioclava_annotated_DMKJLJHC_02499	TARA_ANW_k99_9445719	100.0		True
CONTIG	TARA_ANW_k99_9445719	2095	correct_unaligned
1	77	16273	16197	Thioclava_annotated_DMKJLJHC_02499	TARA_ANW_k99_9543692	97.4		True
CONTIG	TARA_ANW_k99_9543692	17526	correct_unaligned
1	77	680	756	Thioclava_annotated_DMKJLJHC_02499	TARA_ANW_k99_9630629	97.4		True
CONTIG	TARA_ANW_k99_9630629	4553	correct_unaligned
1	77	23	99	Thioclava_annotated_DMKJLJHC_02499	TARA_ANW_k99_9827814	97.4		True
CONTIG	TARA_ANW_k99_9827814	2798	correct_unaligned
1	77	1095	1019	Thioclava_annotated_DMKJLJHC_02499	TARA_ANW_k99_9868042	97.4		True
CONTIG	TARA_ANW_k99_9868042	1476	correct_unaligned
1	77	7066	7142	Thioclava_annotated_DMKJLJHC_02499	TARA_ANW_k99_9925940	97.4		True
CONTIG	TARA_ANW_k99_9925940	26663	correct_unaligned
3	77	1	75	Thioclava_annotated_DMKJLJHC_02499	TARA_ANW_k99_9936809	100.0		True
CONTIG	TARA_ANW_k99_9936809	1732	correct_unaligned
1	77	411	335	Thioclava_annotated_DMKJLJHC_02499	TARA_ANW_k99_9938298	97.4		True
CONTIG	TARA_ANW_k99_9938298	1030	correct_unaligned
1	77	1572	1496	Thioclava_annotated_DMKJLJHC_02499	TARA_ANW_k99_10091291	97.4		True
CONTIG	TARA_ANW_k99_10091291	4576	correct_unaligned
1	77	5082	5158	Thioclava_annotated_DMKJLJHC_02499	TARA_ANW_k99_10194868	100.0		True
CONTIG	TARA_ANW_k99_10194868	5229	correct_unaligned
1	77	2358	2282	Thioclava_annotated_DMKJLJHC_02499	TARA_ANW_k99_10234359	100.0		True
CONTIG	TARA_ANW_k99_10234359	4161	correct_unaligned
1	77	996	920	Thioclava_annotated_DMKJLJHC_02499	TARA_ANW_k99_10454087	100.0		True
CONTIG	TARA_ANW_k99_10454087	1098	correct_unaligned
1	77	14	90	Thioclava_annotated_DMKJLJHC_02499	TARA_ANW_k99_10535765	97.4		True
CONTIG	TARA_ANW_k99_10535765	14292	correct_unaligned
1	77	12	88	Thioclava_annotated_DMKJLJHC_02499	TARA_ANW_k99_10596499	100.0		True
CONTIG	TARA_ANW_k99_10596499	1793	correct_unaligned
1	77	603	527	Thioclava_annotated_DMKJLJHC_02499	TARA_ANW_k99_10771003	97.4		True
CONTIG	TARA_ANW_k99_10771003	1075	correct_unaligned
1	77	1410	1334	Thioclava_annotated_DMKJLJHC_02499	TARA_ANW_k99_10773664	97.4		True
CONTIG	TARA_ANW_k99_10773664	1429	correct_unaligned
1	77	4122	4046	Thioclava_annotated_DMKJLJHC_02499	TARA_ANW_k99_10789646	97.4		True
CONTIG	TARA_ANW_k99_10789646	4143	correct_unaligned
1	77	149	225	Thioclava_annotated_DMKJLJHC_02499	TARA_ANW_k99_11028175	100.0		True
CONTIG	TARA_ANW_k99_11028175	62881	correct_unaligned
1	77	1405	1329	Thioclava_annotated_DMKJLJHC_02499	TARA_ANW_k99_11069998	100.0		True
CONTIG	TARA_ANW_k99_11069998	6912	correct_unaligned
1	77	1626	1550	Thioclava_annotated_DMKJLJHC_02499	TARA_ANW_k99_11095220	100.0		True
CONTIG	TARA_ANW_k99_11095220	5438	correct_unaligned
1	77	1	77	Thioclava_annotated_DMKJLJHC_02499	TARA_ANW_k99_11109994	97.4		True
CONTIG	TARA_ANW_k99_11109994	12599	correct_unaligned
1	77	19	95	Thioclava_annotated_DMKJLJHC_02499	TARA_ANW_k99_11122024	97.4		True
CONTIG	TARA_ANW_k99_11122024	2309	correct_unaligned
1	77	21	97	Thioclava_annotated_DMKJLJHC_02499	TARA_ANW_k99_11169671	100.0		True
CONTIG	TARA_ANW_k99_11169671	1006	correct_unaligned
1855	1941	88	2	Thioclava_annotated_DMKJLJHC_03874	TARA_ANW_k99_117562	100.0		True
CONTIG	TARA_ANW_k99_117562	2582	correct_unaligned
1873	1939	1629	1695	Thioclava_annotated_DMKJLJHC_03874	TARA_ANW_k99_1257236	100.0		True
CONTIG	TARA_ANW_k99_1257236	1718	correct_unaligned
1855	1952	98	1	Thioclava_annotated_DMKJLJHC_03874	TARA_ANW_k99_1347242	96.94		True
CONTIG	TARA_ANW_k99_1347242	1002	correct_unaligned
1856	1948	93	1	Thioclava_annotated_DMKJLJHC_03874	TARA_ANW_k99_2151774	98.92		True
CONTIG	TARA_ANW_k99_2151774	2604	correct_unaligned
1863	1929	570	636	Thioclava_annotated_DMKJLJHC_03522	TARA_ANW_k99_2683797	100.0		True
CONTIG	TARA_ANW_k99_2683797	1203	correct_unaligned
1856	1951	1233	1138	Thioclava_annotated_DMKJLJHC_03874	TARA_ANW_k99_3739210	95.83		True
CONTIG	TARA_ANW_k99_3739210	2914	correct_unaligned
1866	1954	10353	10265	Thioclava_annotated_DMKJLJHC_03874	TARA_ANW_k99_3751633	97.75		True
CONTIG	TARA_ANW_k99_3751633	10353	correct_unaligned
1856	1950	1171	1265	Thioclava_annotated_DMKJLJHC_03874	TARA_ANW_k99_4130574	97.89		True
CONTIG	TARA_ANW_k99_4130574	1265	correct_unaligned
1844	1942	1265	1363	Thioclava_annotated_DMKJLJHC_03874	TARA_ANW_k99_4918055	97.98		True
CONTIG	TARA_ANW_k99_4918055	1363	correct_unaligned
1856	1949	1801	1894	Thioclava_annotated_DMKJLJHC_03874	TARA_ANW_k99_5064850	98.94		True
CONTIG	TARA_ANW_k99_5064850	1895	correct_unaligned
CONTIG	TARA_ANW_k99_6292125	1355	unaligned
1844	1941	609	512	Thioclava_annotated_DMKJLJHC_03874	TARA_ANW_k99_7053803	95.92		True
CONTIG	TARA_ANW_k99_7053803	2129	correct_unaligned
CONTIG	TARA_ANW_k99_7140424	3505	unaligned
1856	1966	683	573	Thioclava_annotated_DMKJLJHC_03874	TARA_ANW_k99_8110940	97.3		True
CONTIG	TARA_ANW_k99_8110940	2296	correct_unaligned
1857	1966	930	1039	Thioclava_annotated_DMKJLJHC_03874	TARA_ANW_k99_8550885	97.27		True
CONTIG	TARA_ANW_k99_8550885	1098	correct_unaligned
1840	1925	86	1	Thioclava_annotated_DMKJLJHC_03522	TARA_ANW_k99_8768144	98.84		True
CONTIG	TARA_ANW_k99_8768144	1537	correct_unaligned
768	858	925	1015	Thioclava_annotated_DMKJLJHC_03874	TARA_ANW_k99_9240280	95.6		True
CONTIG	TARA_ANW_k99_9240280	1175	correct_unaligned
1873	1939	1382	1448	Thioclava_annotated_DMKJLJHC_03874	TARA_ANW_k99_9836122	100.0		True
CONTIG	TARA_ANW_k99_9836122	1989	correct_unaligned
1845	1931	87	1	Thioclava_annotated_DMKJLJHC_03522	TARA_ANW_k99_10465556	100.0		True
CONTIG	TARA_ANW_k99_10465556	1249	correct_unaligned
1863	1929	2944	3010	Thioclava_annotated_DMKJLJHC_03522	TARA_ANW_k99_10911241	100.0		True
CONTIG	TARA_ANW_k99_10911241	3612	correct_unaligned
207	292	99	14	Thioclava_annotated_DMKJLJHC_03874	TARA_ANW_k99_11124895	96.51		True
CONTIG	TARA_ANW_k99_11124895	1570	correct_unaligned
90	377	4835	4548	Thioclava_annotated_DMKJLJHC_03825	TARA_ANW_k99_160457	95.49		True
unknown
12	567	8321	7766	Thioclava_annotated_DMKJLJHC_03829	TARA_ANW_k99_160457	96.22		True
unknown
CONTIG	TARA_ANW_k99_160457	31114	mis_unaligned
1	75	1470	1396	Thioclava_annotated_DMKJLJHC_06984	TARA_ANW_k99_466654	98.67		True
CONTIG	TARA_ANW_k99_466654	2308	correct_unaligned
1	75	3590	3516	Thioclava_annotated_DMKJLJHC_06984	TARA_ANW_k99_2179592	98.67		True
CONTIG	TARA_ANW_k99_2179592	5103	correct_unaligned
1	76	2173	2248	Thioclava_annotated_DMKJLJHC_00732	TARA_ANW_k99_468166	98.68		True
CONTIG	TARA_ANW_k99_468166	5427	correct_unaligned
1	75	1893	1967	Thioclava_annotated_DMKJLJHC_01244	TARA_ANW_k99_495300	100.0		True
CONTIG	TARA_ANW_k99_495300	2060	correct_unaligned
1	75	351	277	Thioclava_annotated_DMKJLJHC_01244	TARA_ANW_k99_766476	100.0		True
CONTIG	TARA_ANW_k99_766476	1102	correct_unaligned
1	75	2399	2473	Thioclava_annotated_DMKJLJHC_01244	TARA_ANW_k99_1270364	100.0		True
CONTIG	TARA_ANW_k99_1270364	2534	correct_unaligned
2	75	1	74	Thioclava_annotated_DMKJLJHC_01244	TARA_ANW_k99_3791385	100.0		True
CONTIG	TARA_ANW_k99_3791385	1383	correct_unaligned
1	75	78	4	Thioclava_annotated_DMKJLJHC_01244	TARA_ANW_k99_4090384	100.0		True
CONTIG	TARA_ANW_k99_4090384	2106	correct_unaligned
1	75	2868	2794	Thioclava_annotated_DMKJLJHC_01244	TARA_ANW_k99_5106010	100.0		True
CONTIG	TARA_ANW_k99_5106010	2951	correct_unaligned
1	75	4	78	Thioclava_annotated_DMKJLJHC_01244	TARA_ANW_k99_5633108	100.0		True
CONTIG	TARA_ANW_k99_5633108	2044	correct_unaligned
1	75	2091	2165	Thioclava_annotated_DMKJLJHC_01244	TARA_ANW_k99_5933503	100.0		True
CONTIG	TARA_ANW_k99_5933503	3771	correct_unaligned
1	75	496	570	Thioclava_annotated_DMKJLJHC_01244	TARA_ANW_k99_6097055	100.0		True
CONTIG	TARA_ANW_k99_6097055	1404	correct_unaligned
1	75	290	364	Thioclava_annotated_DMKJLJHC_01244	TARA_ANW_k99_6352397	100.0		True
CONTIG	TARA_ANW_k99_6352397	37051	correct_unaligned
1	75	2383	2457	Thioclava_annotated_DMKJLJHC_01244	TARA_ANW_k99_7540265	100.0		True
CONTIG	TARA_ANW_k99_7540265	2457	correct_unaligned
1	75	23	97	Thioclava_annotated_DMKJLJHC_01244	TARA_ANW_k99_7638458	98.67		True
CONTIG	TARA_ANW_k99_7638458	1618	correct_unaligned
1	75	703	777	Thioclava_annotated_DMKJLJHC_01244	TARA_ANW_k99_7842936	100.0		True
CONTIG	TARA_ANW_k99_7842936	1137	correct_unaligned
1	75	620	546	Thioclava_annotated_DMKJLJHC_01244	TARA_ANW_k99_8459232	100.0		True
CONTIG	TARA_ANW_k99_8459232	1232	correct_unaligned
1	75	552	478	Thioclava_annotated_DMKJLJHC_01244	TARA_ANW_k99_8580860	100.0		True
CONTIG	TARA_ANW_k99_8580860	1117	correct_unaligned
1	75	7177	7251	Thioclava_annotated_DMKJLJHC_01244	TARA_ANW_k99_10397539	100.0		True
CONTIG	TARA_ANW_k99_10397539	7711	correct_unaligned
1	75	992	1066	Thioclava_annotated_DMKJLJHC_01244	TARA_ANW_k99_11323969	100.0		True
CONTIG	TARA_ANW_k99_11323969	1072	correct_unaligned
9	87	3955	3877	Thioclava_annotated_DMKJLJHC_02078	TARA_ANW_k99_610714	100.0		True
CONTIG	TARA_ANW_k99_610714	3955	correct_unaligned
1	79	14035	14113	Thioclava_annotated_DMKJLJHC_02078	TARA_ANW_k99_3791042	100.0		True
CONTIG	TARA_ANW_k99_3791042	14113	correct_unaligned
1	78	2	79	Thioclava_annotated_DMKJLJHC_00912	TARA_ANW_k99_614358	97.44		True
CONTIG	TARA_ANW_k99_614358	1679	correct_unaligned
1	78	1743	1666	Thioclava_annotated_DMKJLJHC_00912	TARA_ANW_k99_634248	97.44		True
CONTIG	TARA_ANW_k99_634248	1744	correct_unaligned
1	78	114	37	Thioclava_annotated_DMKJLJHC_00912	TARA_ANW_k99_3321821	97.44		True
CONTIG	TARA_ANW_k99_3321821	4261	correct_unaligned
1	78	135	58	Thioclava_annotated_DMKJLJHC_00912	TARA_ANW_k99_7246982	97.44		True
CONTIG	TARA_ANW_k99_7246982	1060	correct_unaligned
6	90	2687	2603	Thioclava_annotated_DMKJLJHC_00912	TARA_ANW_k99_10281361	98.82		True
CONTIG	TARA_ANW_k99_10281361	5853	correct_unaligned
1	78	2100	2023	Thioclava_annotated_DMKJLJHC_00912	TARA_ANW_k99_11272862	97.44		True
CONTIG	TARA_ANW_k99_11272862	2942	correct_unaligned
1	76	740	815	Thioclava_annotated_DMKJLJHC_04898	TARA_ANW_k99_624349	100.0		True
CONTIG	TARA_ANW_k99_624349	2368	correct_unaligned
1	90	99	10	Thioclava_annotated_DMKJLJHC_06661	TARA_ANW_k99_688186	98.89		True
CONTIG	TARA_ANW_k99_688186	1205	correct_unaligned
1	90	416	327	Thioclava_annotated_DMKJLJHC_06661	TARA_ANW_k99_1123839	100.0		True
CONTIG	TARA_ANW_k99_1123839	1596	correct_unaligned
1	90	935	1024	Thioclava_annotated_DMKJLJHC_06661	TARA_ANW_k99_5205508	98.89		True
CONTIG	TARA_ANW_k99_5205508	1047	correct_unaligned
1	90	2	91	Thioclava_annotated_DMKJLJHC_06661	TARA_ANW_k99_9220161	97.78		True
CONTIG	TARA_ANW_k99_9220161	1000	correct_unaligned
5	90	1	86	Thioclava_annotated_DMKJLJHC_06661	TARA_ANW_k99_9628248	98.84		True
CONTIG	TARA_ANW_k99_9628248	1355	correct_unaligned
1	90	921	1010	Thioclava_annotated_DMKJLJHC_06661	TARA_ANW_k99_10558608	98.89		True
CONTIG	TARA_ANW_k99_10558608	1017	correct_unaligned
1	71	1247	1177	Thioclava_annotated_DMKJLJHC_03876	TARA_ANW_k99_785008	100.0		True
CONTIG	TARA_ANW_k99_785008	1921	correct_unaligned
1261	1533	12	284	Thioclava_annotated_DMKJLJHC_03780	TARA_ANW_k99_1033624	95.6		True
CONTIG	TARA_ANW_k99_1033624	38461	correct_unaligned
CONTIG	TARA_ANW_k99_1123561	33814	unaligned
1863	1939	163277	163353	Thioclava_annotated_DMKJLJHC_03522	TARA_ANW_k99_1703878	97.4		True
CONTIG	TARA_ANW_k99_1703878	206415	correct_unaligned
1840	1919	2024	2103	Thioclava_annotated_DMKJLJHC_03522	TARA_ANW_k99_1886880	100.0		True
CONTIG	TARA_ANW_k99_1886880	2103	correct_unaligned
1845	1922	78	1	Thioclava_annotated_DMKJLJHC_03522	TARA_ANW_k99_1955821	100.0		True
CONTIG	TARA_ANW_k99_1955821	1180	correct_unaligned
1863	1942	1267	1346	Thioclava_annotated_DMKJLJHC_03522	TARA_ANW_k99_2135937	97.5		True
CONTIG	TARA_ANW_k99_2135937	2466	correct_unaligned
1845	1920	78	3	Thioclava_annotated_DMKJLJHC_03522	TARA_ANW_k99_2252183	98.68		True
CONTIG	TARA_ANW_k99_2252183	1004	correct_unaligned
1848	1942	1	95	Thioclava_annotated_DMKJLJHC_03522	TARA_ANW_k99_2705652	100.0		True
CONTIG	TARA_ANW_k99_2705652	1212	correct_unaligned
2577	2657	4929	4849	Thioclava_annotated_DMKJLJHC_03522	TARA_ANW_k99_2940811	95.06		True
CONTIG	TARA_ANW_k99_2940811	4929	correct_unaligned
1847	1938	92	1	Thioclava_annotated_DMKJLJHC_03522	TARA_ANW_k99_3071646	100.0		True
CONTIG	TARA_ANW_k99_3071646	1294	correct_unaligned
1845	1940	155	60	Thioclava_annotated_DMKJLJHC_03522	TARA_ANW_k99_5005413	98.96		True
CONTIG	TARA_ANW_k99_5005413	1140	correct_unaligned
CONTIG	TARA_ANW_k99_6174362	1004	unaligned
1	128	964	1091	Thioclava_annotated_DMKJLJHC_03522	TARA_ANW_k99_7186694	96.88		True
CONTIG	TARA_ANW_k99_7186694	1282	correct_unaligned
396	524	129	1	Thioclava_annotated_DMKJLJHC_03522	TARA_ANW_k99_7523364	95.35		True
unknown
204	320	321	205	Thioclava_annotated_DMKJLJHC_03522	TARA_ANW_k99_7523364	95.73		True
unknown
1	77	1011	935	Thioclava_annotated_DMKJLJHC_03524	TARA_ANW_k99_7523364	100.0		True
unknown
CONTIG	TARA_ANW_k99_7523364	1358	mis_unaligned
1834	1921	88	1	Thioclava_annotated_DMKJLJHC_03522	TARA_ANW_k99_8162964	98.86		True
CONTIG	TARA_ANW_k99_8162964	2166	correct_unaligned
1834	1914	81	1	Thioclava_annotated_DMKJLJHC_03522	TARA_ANW_k99_8231118	98.77		True
CONTIG	TARA_ANW_k99_8231118	1014	correct_unaligned
1	77	231	307	Thioclava_annotated_DMKJLJHC_03524	TARA_ANW_k99_9133334	100.0		True
unknown
391	471	1259	1339	Thioclava_annotated_DMKJLJHC_03522	TARA_ANW_k99_9133334	97.53		True
unknown
CONTIG	TARA_ANW_k99_9133334	1343	mis_unaligned
475	539	891	955	Thioclava_annotated_DMKJLJHC_03522	TARA_ANW_k99_9294336	96.92		True
CONTIG	TARA_ANW_k99_9294336	1542	correct_unaligned
189	540	363	12	Thioclava_annotated_DMKJLJHC_03522	TARA_ANW_k99_9335056	95.17		True
indel: indel (> 5bp)
1	142	527	386	Thioclava_annotated_DMKJLJHC_03522	TARA_ANW_k99_9335056	95.77		True
translocation
1	76	882	807	Thioclava_annotated_DMKJLJHC_03523	TARA_ANW_k99_9335056	100.0		True
translocation
1	77	996	920	Thioclava_annotated_DMKJLJHC_03872	TARA_ANW_k99_9335056	100.0		True
CONTIG	TARA_ANW_k99_9335056	1200	misassembled
13	190	1029	1206	Thioclava_annotated_DMKJLJHC_06504	TARA_ANW_k99_1293803	96.07		True
CONTIG	TARA_ANW_k99_1293803	1206	correct_unaligned
547	612	1793	1728	Thioclava_annotated_DMKJLJHC_06504	TARA_ANW_k99_1839731	100.0		True
CONTIG	TARA_ANW_k99_1839731	1798	correct_unaligned
CONTIG	TARA_ANW_k99_3663691	1497	unaligned
1101	1195	45	139	Thioclava_annotated_DMKJLJHC_06504	TARA_ANW_k99_3804102	95.79		True
CONTIG	TARA_ANW_k99_3804102	1753	correct_unaligned
1101	1186	1784	1699	Thioclava_annotated_DMKJLJHC_06504	TARA_ANW_k99_4563394	96.51		True
CONTIG	TARA_ANW_k99_4563394	1797	correct_unaligned
838	908	35	105	Thioclava_annotated_DMKJLJHC_06504	TARA_ANW_k99_5076943	98.59		True
CONTIG	TARA_ANW_k99_5076943	2248	correct_unaligned
838	908	604	534	Thioclava_annotated_DMKJLJHC_06504	TARA_ANW_k99_5150451	95.77		True
CONTIG	TARA_ANW_k99_5150451	1715	correct_unaligned
673	790	1	118	Thioclava_annotated_DMKJLJHC_06504	TARA_ANW_k99_6292160	95.76		True
CONTIG	TARA_ANW_k99_6292160	1297	correct_unaligned
103	181	2636	2714	Thioclava_annotated_DMKJLJHC_06504	TARA_ANW_k99_8009375	98.73		True
CONTIG	TARA_ANW_k99_8009375	2734	correct_unaligned
666	754	2528	2440	Thioclava_annotated_DMKJLJHC_06504	TARA_ANW_k99_8800817	95.51		True
CONTIG	TARA_ANW_k99_8800817	2559	correct_unaligned
1103	1193	1150	1059	Thioclava_annotated_DMKJLJHC_06504	TARA_ANW_k99_9344667	95.65		True
CONTIG	TARA_ANW_k99_9344667	1157	correct_unaligned
547	612	1252	1317	Thioclava_annotated_DMKJLJHC_06504	TARA_ANW_k99_10576880	100.0		True
CONTIG	TARA_ANW_k99_10576880	1344	correct_unaligned
547	612	1259	1324	Thioclava_annotated_DMKJLJHC_06504	TARA_ANW_k99_10584270	100.0		True
CONTIG	TARA_ANW_k99_10584270	1351	correct_unaligned
1	219	9977	10195	Thioclava_annotated_DMKJLJHC_03344	TARA_ANW_k99_1460121	95.43		True
CONTIG	TARA_ANW_k99_1460121	15653	correct_unaligned
4	77	1	74	Thioclava_annotated_DMKJLJHC_06936	TARA_ANW_k99_1518534	98.65		True
CONTIG	TARA_ANW_k99_1518534	1412	correct_unaligned
1	77	2845	2921	Thioclava_annotated_DMKJLJHC_06935	TARA_ANW_k99_1627652	100.0		True
CONTIG	TARA_ANW_k99_1627652	4357	correct_unaligned
1	77	2269	2345	Thioclava_annotated_DMKJLJHC_06935	TARA_ANW_k99_4461554	98.7		True
CONTIG	TARA_ANW_k99_4461554	6085	correct_unaligned
1	67	127	61	Thioclava_annotated_DMKJLJHC_06936	TARA_ANW_k99_4991236	100.0		True
CONTIG	TARA_ANW_k99_4991236	5737	correct_unaligned
1	77	749	673	Thioclava_annotated_DMKJLJHC_01253	TARA_ANW_k99_4997765	98.7		True
CONTIG	TARA_ANW_k99_4997765	1123	correct_unaligned
1	77	80	4	Thioclava_annotated_DMKJLJHC_01252	TARA_ANW_k99_6748205	98.7		True
CONTIG	TARA_ANW_k99_6748205	1974	correct_unaligned
1	77	5	81	Thioclava_annotated_DMKJLJHC_06936	TARA_ANW_k99_6969814	100.0		True
unknown
1	77	239	315	Thioclava_annotated_DMKJLJHC_06936	TARA_ANW_k99_6969814	100.0		True
unknown
CONTIG	TARA_ANW_k99_6969814	2751	mis_unaligned
1	77	1085	1009	Thioclava_annotated_DMKJLJHC_01252	TARA_ANW_k99_8787057	98.7		True
CONTIG	TARA_ANW_k99_8787057	4899	correct_unaligned
1	76	76	1	Thioclava_annotated_DMKJLJHC_06935	TARA_ANW_k99_10079132	100.0		True
CONTIG	TARA_ANW_k99_10079132	1279	correct_unaligned
1	77	35	111	Thioclava_annotated_DMKJLJHC_06936	TARA_ANW_k99_10607195	98.7		True
CONTIG	TARA_ANW_k99_10607195	1746	correct_unaligned
1	77	7	83	Thioclava_annotated_DMKJLJHC_06936	TARA_ANW_k99_10958950	100.0		True
CONTIG	TARA_ANW_k99_10958950	3159	correct_unaligned
228	335	6523	6416	Thioclava_annotated_DMKJLJHC_02860	TARA_ANW_k99_1532839	99.07		True
CONTIG	TARA_ANW_k99_1532839	6523	correct_unaligned
1	339	1405	1743	Thioclava_annotated_DMKJLJHC_02860	TARA_ANW_k99_9546082	95.87		True
CONTIG	TARA_ANW_k99_9546082	2118	correct_unaligned
30	339	1	310	Thioclava_annotated_DMKJLJHC_02860	TARA_ANW_k99_9734133	96.13		True
CONTIG	TARA_ANW_k99_9734133	1732	correct_unaligned
188	272	10961	11045	Thioclava_annotated_DMKJLJHC_02002	TARA_ANW_k99_1723608	96.47		True
CONTIG	TARA_ANW_k99_1723608	27503	correct_unaligned
CONTIG	TARA_ANW_k99_1789581	43505	unaligned
CONTIG	TARA_ANW_k99_1843203	11132	unaligned
CONTIG	TARA_ANW_k99_1855709	1236	unaligned
CONTIG	TARA_ANW_k99_1970821	34790	unaligned
679	809	694	824	Thioclava_annotated_DMKJLJHC_03061	TARA_ANW_k99_1987708	95.42		True
CONTIG	TARA_ANW_k99_1987708	8975	correct_unaligned
1	76	1073	1148	Thioclava_annotated_DMKJLJHC_07489	TARA_ANW_k99_2577686	98.68		True
CONTIG	TARA_ANW_k99_2577686	2254	correct_unaligned
1	77	7922	7846	Thioclava_annotated_DMKJLJHC_00783	TARA_ANW_k99_2775086	100.0		True
CONTIG	TARA_ANW_k99_2775086	94055	correct_unaligned
1	77	552	476	Thioclava_annotated_DMKJLJHC_00783	TARA_ANW_k99_11000513	100.0		True
CONTIG	TARA_ANW_k99_11000513	1675	correct_unaligned
CONTIG	TARA_ANW_k99_2813512	1832	unaligned
1	75	14652	14578	Thioclava_annotated_DMKJLJHC_00466	TARA_ANW_k99_2924742	100.0		True
unknown
1	75	14749	14675	Thioclava_annotated_DMKJLJHC_00466	TARA_ANW_k99_2924742	100.0		True
unknown
CONTIG	TARA_ANW_k99_2924742	33926	mis_unaligned
1	76	1046	1121	Thioclava_annotated_DMKJLJHC_00066	TARA_ANW_k99_2943820	100.0		True
CONTIG	TARA_ANW_k99_2943820	1441	correct_unaligned
1	76	570	495	Thioclava_annotated_DMKJLJHC_00066	TARA_ANW_k99_5479584	100.0		True
CONTIG	TARA_ANW_k99_5479584	2663	correct_unaligned
6	76	1403	1333	Thioclava_annotated_DMKJLJHC_00066	TARA_ANW_k99_9724399	100.0		True
CONTIG	TARA_ANW_k99_9724399	1403	correct_unaligned
1	76	8544	8619	Thioclava_annotated_DMKJLJHC_00066	TARA_ANW_k99_10386987	100.0		True
CONTIG	TARA_ANW_k99_10386987	24269	correct_unaligned
2248	2340	778	870	Thioclava_annotated_DMKJLJHC_03281	TARA_ANW_k99_3181574	97.85		True
CONTIG	TARA_ANW_k99_3181574	2303	correct_unaligned
1089	1153	861	797	Thioclava_annotated_DMKJLJHC_03281	TARA_ANW_k99_9183919	95.38		True
CONTIG	TARA_ANW_k99_9183919	1211	correct_unaligned
423	611	261	73	Thioclava_annotated_DMKJLJHC_02316	TARA_ANW_k99_3187933	95.77		True
CONTIG	TARA_ANW_k99_3187933	18672	correct_unaligned
10	90	1	81	Thioclava_annotated_DMKJLJHC_00923	TARA_ANW_k99_3287049	100.0		True
CONTIG	TARA_ANW_k99_3287049	1564	correct_unaligned
1	90	1469	1558	Thioclava_annotated_DMKJLJHC_00923	TARA_ANW_k99_3598638	95.56		True
CONTIG	TARA_ANW_k99_3598638	1603	correct_unaligned
13	90	1	78	Thioclava_annotated_DMKJLJHC_00923	TARA_ANW_k99_4121809	100.0		True
CONTIG	TARA_ANW_k99_4121809	4744	correct_unaligned
12	90	1641	1563	Thioclava_annotated_DMKJLJHC_00923	TARA_ANW_k99_6143276	100.0		True
CONTIG	TARA_ANW_k99_6143276	1641	correct_unaligned
7	85	91	13	Thioclava_annotated_DMKJLJHC_00923	TARA_ANW_k99_6452032	98.73		True
CONTIG	TARA_ANW_k99_6452032	1358	correct_unaligned
7	90	1118	1035	Thioclava_annotated_DMKJLJHC_00923	TARA_ANW_k99_6516377	100.0		True
CONTIG	TARA_ANW_k99_6516377	1131	correct_unaligned
13	90	1728	1651	Thioclava_annotated_DMKJLJHC_00923	TARA_ANW_k99_6976479	100.0		True
CONTIG	TARA_ANW_k99_6976479	1728	correct_unaligned
7	85	2664	2742	Thioclava_annotated_DMKJLJHC_00923	TARA_ANW_k99_8483337	98.73		True
CONTIG	TARA_ANW_k99_8483337	2754	correct_unaligned
7	90	960	1043	Thioclava_annotated_DMKJLJHC_00923	TARA_ANW_k99_10700328	100.0		True
CONTIG	TARA_ANW_k99_10700328	1057	correct_unaligned
1	74	950	1023	Thioclava_annotated_DMKJLJHC_03114	TARA_ANW_k99_3465944	100.0		True
CONTIG	TARA_ANW_k99_3465944	1349	correct_unaligned
1	74	1699	1772	Thioclava_annotated_DMKJLJHC_03114	TARA_ANW_k99_4816183	100.0		True
CONTIG	TARA_ANW_k99_4816183	3711	correct_unaligned
1	74	74	147	Thioclava_annotated_DMKJLJHC_03114	TARA_ANW_k99_4948843	100.0		True
CONTIG	TARA_ANW_k99_4948843	1195	correct_unaligned
1	74	48779	48706	Thioclava_annotated_DMKJLJHC_03114	TARA_ANW_k99_9208715	100.0		True
CONTIG	TARA_ANW_k99_9208715	69317	correct_unaligned
1	74	1437	1364	Thioclava_annotated_DMKJLJHC_03114	TARA_ANW_k99_9291178	100.0		True
CONTIG	TARA_ANW_k99_9291178	1469	correct_unaligned
1	74	1387	1314	Thioclava_annotated_DMKJLJHC_03114	TARA_ANW_k99_10130656	100.0		True
CONTIG	TARA_ANW_k99_10130656	2450	correct_unaligned
624	707	466	549	Thioclava_annotated_DMKJLJHC_00115	TARA_ANW_k99_3479702	97.62		True
CONTIG	TARA_ANW_k99_3479702	97627	correct_unaligned
103	189	2323	2409	Thioclava_annotated_DMKJLJHC_00110	TARA_ANW_k99_7241119	96.55		True
CONTIG	TARA_ANW_k99_7241119	3485	correct_unaligned
1	168	31826	31993	Thioclava_annotated_DMKJLJHC_03409	TARA_ANW_k99_3501571	98.21		True
CONTIG	TARA_ANW_k99_3501571	85586	correct_unaligned
1	74	1838	1765	Thioclava_annotated_DMKJLJHC_02134	TARA_ANW_k99_3563336	98.65		True
CONTIG	TARA_ANW_k99_3563336	2399	correct_unaligned
811	875	4745	4809	Thioclava_annotated_DMKJLJHC_01525	TARA_ANW_k99_3955086	96.92		True
CONTIG	TARA_ANW_k99_3955086	12130	correct_unaligned
CONTIG	TARA_ANW_k99_4049204	12916	unaligned
1	84	3817	3734	Thioclava_annotated_DMKJLJHC_02749	TARA_ANW_k99_4158884	100.0		True
CONTIG	TARA_ANW_k99_4158884	8903	correct_unaligned
1	77	2470	2394	Thioclava_annotated_DMKJLJHC_01776	TARA_ANW_k99_4207877	97.4		True
CONTIG	TARA_ANW_k99_4207877	2491	correct_unaligned
1	77	78	2	Thioclava_annotated_DMKJLJHC_01776	TARA_ANW_k99_5262492	97.4		True
CONTIG	TARA_ANW_k99_5262492	1471	correct_unaligned
1	77	995	1071	Thioclava_annotated_DMKJLJHC_01776	TARA_ANW_k99_5857012	100.0		True
CONTIG	TARA_ANW_k99_5857012	2732	correct_unaligned
1	77	8662	8738	Thioclava_annotated_DMKJLJHC_01776	TARA_ANW_k99_7913363	100.0		True
CONTIG	TARA_ANW_k99_7913363	8803	correct_unaligned
1	77	981	1057	Thioclava_annotated_DMKJLJHC_01776	TARA_ANW_k99_8341071	98.7		True
CONTIG	TARA_ANW_k99_8341071	1125	correct_unaligned
1	77	158	82	Thioclava_annotated_DMKJLJHC_01776	TARA_ANW_k99_9154088	97.4		True
CONTIG	TARA_ANW_k99_9154088	1248	correct_unaligned
1	77	1245	1321	Thioclava_annotated_DMKJLJHC_01776	TARA_ANW_k99_9190108	98.7		True
CONTIG	TARA_ANW_k99_9190108	3873	correct_unaligned
1	77	1059	1135	Thioclava_annotated_DMKJLJHC_01776	TARA_ANW_k99_9988155	98.7		True
CONTIG	TARA_ANW_k99_9988155	1335	correct_unaligned
1	77	353	429	Thioclava_annotated_DMKJLJHC_01776	TARA_ANW_k99_10214329	98.7		True
CONTIG	TARA_ANW_k99_10214329	2309	correct_unaligned
1	77	5	81	Thioclava_annotated_DMKJLJHC_01776	TARA_ANW_k99_10913326	98.7		True
CONTIG	TARA_ANW_k99_10913326	3085	correct_unaligned
7	92	952	867	Thioclava_annotated_DMKJLJHC_06404	TARA_ANW_k99_4251350	98.84		True
CONTIG	TARA_ANW_k99_4251350	7832	correct_unaligned
33	124	107066	106975	Thioclava_annotated_DMKJLJHC_03713	TARA_ANW_k99_4322062	95.65		True
CONTIG	TARA_ANW_k99_4322062	149438	correct_unaligned
CONTIG	TARA_ANW_k99_4697357	24604	unaligned
1069	1164	14098	14193	Thioclava_annotated_DMKJLJHC_01278	TARA_ANW_k99_4962521	96.88		True
CONTIG	TARA_ANW_k99_4962521	19344	correct_unaligned
1	93	362	454	Thioclava_annotated_DMKJLJHC_03267	TARA_ANW_k99_5195876	95.7		True
CONTIG	TARA_ANW_k99_5195876	2660	correct_unaligned
CONTIG	TARA_ANW_k99_5492068	45113	unaligned
CONTIG	TARA_ANW_k99_5675205	40863	unaligned
625	710	1053	1138	Thioclava_annotated_DMKJLJHC_01740	TARA_ANW_k99_5681375	95.35		True
CONTIG	TARA_ANW_k99_5681375	1203	correct_unaligned
70	182	55882	55994	Thioclava_annotated_DMKJLJHC_00251	TARA_ANW_k99_6197934	96.46		True
CONTIG	TARA_ANW_k99_6197934	164015	correct_unaligned
352	476	181	57	Thioclava_annotated_DMKJLJHC_01178	TARA_ANW_k99_6265149	95.2		True
CONTIG	TARA_ANW_k99_6265149	1580	correct_unaligned
281	359	4091	4013	Thioclava_annotated_DMKJLJHC_07483	TARA_ANW_k99_6416229	97.47		True
CONTIG	TARA_ANW_k99_6416229	4148	correct_unaligned
25	99	12275	12349	Thioclava_annotated_DMKJLJHC_07556	TARA_ANW_k99_6460561	98.67		True
CONTIG	TARA_ANW_k99_6460561	12524	correct_unaligned
1	76	537	612	Thioclava_annotated_DMKJLJHC_01250	TARA_ANW_k99_6666857	100.0		True
CONTIG	TARA_ANW_k99_6666857	2017	correct_unaligned
1	76	12254	12329	Thioclava_annotated_DMKJLJHC_03290	TARA_ANW_k99_6727854	98.68		True
CONTIG	TARA_ANW_k99_6727854	39142	correct_unaligned
1968	2117	25369	25518	Thioclava_annotated_DMKJLJHC_00137	TARA_ANW_k99_6921544	98.0		True
CONTIG	TARA_ANW_k99_6921544	54820	correct_unaligned
1	77	3741	3665	Thioclava_annotated_DMKJLJHC_02668	TARA_ANW_k99_6927373	100.0		True
CONTIG	TARA_ANW_k99_6927373	13544	correct_unaligned
1716	1847	79328	79197	Thioclava_annotated_DMKJLJHC_01731	TARA_ANW_k99_6982330	95.45		True
CONTIG	TARA_ANW_k99_6982330	98123	correct_unaligned
1	90	9079	9168	Thioclava_annotated_DMKJLJHC_01058	TARA_ANW_k99_7110445	100.0		True
CONTIG	TARA_ANW_k99_7110445	14400	correct_unaligned
1	315	3016	3330	Thioclava_annotated_DMKJLJHC_02880	TARA_ANW_k99_7330181	98.1		True
CONTIG	TARA_ANW_k99_7330181	4050	correct_unaligned
1	77	11355	11431	Thioclava_annotated_DMKJLJHC_03386	TARA_ANW_k99_7392343	98.7		True
CONTIG	TARA_ANW_k99_7392343	21597	correct_unaligned
CONTIG	TARA_ANW_k99_7396182	9195	unaligned
481	651	2557	2387	Thioclava_annotated_DMKJLJHC_02462	TARA_ANW_k99_7413619	95.32		True
CONTIG	TARA_ANW_k99_7413619	5978	correct_unaligned
169	258	12984	12895	Thioclava_annotated_DMKJLJHC_00545	TARA_ANW_k99_7753908	96.67		True
CONTIG	TARA_ANW_k99_7753908	90377	correct_unaligned
1	75	737	811	Thioclava_annotated_DMKJLJHC_06671	TARA_ANW_k99_7910888	100.0		True
CONTIG	TARA_ANW_k99_7910888	1085	correct_unaligned
1	75	1034	1108	Thioclava_annotated_DMKJLJHC_06671	TARA_ANW_k99_10651853	100.0		True
CONTIG	TARA_ANW_k99_10651853	1135	correct_unaligned
1870	1955	409	494	Thioclava_annotated_DMKJLJHC_03113	TARA_ANW_k99_8258639	96.51		True
CONTIG	TARA_ANW_k99_8258639	3408	correct_unaligned
CONTIG	TARA_ANW_k99_8501882	9655	unaligned
220	350	447	317	Thioclava_annotated_DMKJLJHC_03273	TARA_ANW_k99_8299092	95.42		True
CONTIG	TARA_ANW_k99_8299092	2207	correct_unaligned
91	296	460	255	Thioclava_annotated_DMKJLJHC_03954	TARA_ANW_k99_8436365	95.15		True
CONTIG	TARA_ANW_k99_8436365	12717	correct_unaligned
1	77	5	81	Thioclava_annotated_DMKJLJHC_01776	TARA_ANW_k99_8906541	100.0		True
CONTIG	TARA_ANW_k99_8906541	23859	correct_unaligned
CONTIG	TARA_ANW_k99_8940899	2211	unaligned
1	85	13196	13280	Thioclava_annotated_DMKJLJHC_00798	TARA_ANW_k99_9537394	100.0		True
CONTIG	TARA_ANW_k99_9537394	51458	correct_unaligned
1	85	7451	7367	Thioclava_annotated_DMKJLJHC_00798	TARA_ANW_k99_10383053	97.65		True
CONTIG	TARA_ANW_k99_10383053	21709	correct_unaligned
1	75	1180	1106	Thioclava_annotated_DMKJLJHC_01814	TARA_ANW_k99_9582812	100.0		True
CONTIG	TARA_ANW_k99_9582812	1186	correct_unaligned
1	73	73	1	Thioclava_annotated_DMKJLJHC_01814	TARA_ANW_k99_10588560	100.0		True
CONTIG	TARA_ANW_k99_10588560	2371	correct_unaligned
1	75	1891	1817	Thioclava_annotated_DMKJLJHC_01814	TARA_ANW_k99_10930566	100.0		True
CONTIG	TARA_ANW_k99_10930566	6201	correct_unaligned
6	101	298	393	Thioclava_annotated_DMKJLJHC_03272	TARA_ANW_k99_10065546	97.92		True
CONTIG	TARA_ANW_k99_10065546	60490	correct_unaligned
475	561	2089	2175	Thioclava_annotated_DMKJLJHC_03093	TARA_ANW_k99_10163032	96.55		True
CONTIG	TARA_ANW_k99_10163032	5394	correct_unaligned
CONTIG	TARA_ANW_k99_10197335	17226	unaligned
1	78	15060	15137	Thioclava_annotated_DMKJLJHC_02025	TARA_ANW_k99_10258885	100.0		True
CONTIG	TARA_ANW_k99_10258885	20792	correct_unaligned
198	284	618	704	Thioclava_annotated_DMKJLJHC_03100	TARA_ANW_k99_10283710	98.85		True
CONTIG	TARA_ANW_k99_10283710	1030	correct_unaligned
629	714	273	358	Thioclava_annotated_DMKJLJHC_00568	TARA_ANW_k99_10407621	97.67		True
CONTIG	TARA_ANW_k99_10407621	1046	correct_unaligned
7	214	1221	1014	Thioclava_annotated_DMKJLJHC_02877	TARA_ANW_k99_10452507	96.15		True
CONTIG	TARA_ANW_k99_10452507	2784	correct_unaligned
1	168	523	690	Thioclava_annotated_DMKJLJHC_04059	TARA_ANW_k99_10609958	97.02		True
CONTIG	TARA_ANW_k99_10609958	1596	correct_unaligned
CONTIG	TARA_ANW_k99_10685611	20716	unaligned
CONTIG	TARA_ANW_k99_10768582	1946	unaligned
28	94	1047	1113	Thioclava_annotated_DMKJLJHC_01281	TARA_ANW_k99_10869141	100.0		True
CONTIG	TARA_ANW_k99_10869141	2262	correct_unaligned
CONTIG	TARA_ANW_k99_11037044	30276	unaligned
1	75	4196	4122	Thioclava_annotated_DMKJLJHC_00367	TARA_ANW_k99_11185226	100.0		True
CONTIG	TARA_ANW_k99_11185226	35545	correct_unaligned
1	207	5262	5056	Thioclava_annotated_DMKJLJHC_03139	TARA_ANW_k99_11299362	95.17		True
CONTIG	TARA_ANW_k99_11299362	6666	correct_unaligned
